Event,Nama,No HP,Email,Score,field1,field2,field3,Tanggal
"chainingword-default","sadasda","","",,"","","",
"chainingword-default","sadas","","",,"","","",
"chainingword-default","sadasd","","",,"","","",
"chainingword-default","sdsadas","","",,"","","",
"chainingword-default","dasdsad","","",,"","","",
"chainingword-default","dsadas","","",,"","","",
"chainingword-default","adsasadas","","",,"","","",
"chainingword-default","dsadad","","",,"","","",
"chainingword-default","dfsdfsd","","",,"","","",
"chainingword-default","dasdsad","","",,"","","",
"chainingword-default","dasdsa","","",,"","","",
"chainingword-default","tegar","","",,"","","",
"chainingword-default","te","","",,"","","",
"chainingword-default","ghjk","","",,"","","",
"chainingword-default","gyuu","","",,"","","",
"chainingword-default","fghjiyrty","","",,"","","",
"chainingword-default","111","","",,"","","",
"chainingword-default","ghaza","","",,"","","",
"chainingword-default","ghaza","","",,"","","",
chainingword-suzuki,Muhammad Nurdin,,,0,,,,2026-07-19 10:30:45
chainingword-suzuki,Muhammad Nurdin,,,30,,,,2026-07-19 10:32:09
chainingword-suzuki,Muhammad Nurdin,,,15,,,,2026-07-19 11:17:17
chainingword-suzuki,Muhammad Nurdin,,,15,,,,2026-07-19 11:18:01
chainingword-suzuki,Muhammad Nurdin,,,15,,,,2026-07-19 11:19:06
chainingword-suzuki,Muhammad Nurdin,,,15,,,,2026-07-19 11:24:28
chainingword-suzuki,Nurdin Muhammad,,,15,,,,2026-07-19 11:27:35
chainingword-suzuki,Nurdin Muhammad,,,15,,,,2026-07-19 11:45:46
chainingword-suzuki,Muhammad Nurdin,,,0,,,,2026-07-19 11:57:30
chainingword-suzuki,Muhammad Nurdin,,,15,,,,2026-07-19 12:14:55
chainingword-suzuki,Muhammad Nurdin,,,15,,,,2026-07-19 12:15:31
chainingword-suzuki,Muhammad Nurdin,,,15,,,,2026-07-19 12:15:50
chainingword-suzuki,Muhammad Nurdin,,,15,,,,2026-07-19 12:21:35
chainingword-suzuki,Muhammad Nurdin,,,15,,,,2026-07-19 13:36:12
chainingword-suzuki,Muhammad Nurdin,,,0,,,,2026-07-19 13:37:36
chainingword-suzuki,Muhammad Nurdin,,,0,,,,2026-07-19 13:38:35
chainingword-suzuki,Muhammad Nurdin,,,0,,,,2026-07-19 13:39:13
chainingword-suzuki,Muhammad Nurdin,,,0,,,,2026-07-19 13:39:50
chainingword-suzuki,Muhammad Nurdin,,,15,,,,2026-07-19 13:40:19
chainingword-suzuki,Nurdin Muhammad,,,0,,,,2026-07-19 13:41:15
chainingword-suzuki,Muhammad Nurdin,,,30,,,,2026-07-19 13:57:30
chainingword-suzuki,Muhammad Nurdin,,,30,,,,2026-07-19 20:56:29
chainingword-suzuki,Muhammad Nurdin,,,30,,,,2026-07-19 20:59:30
chainingword-suzuki,Muhammad Nurdin,,,15,,,,2026-07-20 14:33:57
chainingword-suzuki,Muhammad Nurdin,,,15,,,,2026-07-20 14:41:51
chainingword-suzuki,Muhammad Nurdin,,,15,,,,2026-07-20 14:43:58
chainingword-suzuki,Muhammad Nurdin,,,15,,,,2026-07-20 14:46:49
chainingword-suzuki,Muhammad Nurdin,,,15,,,,2026-07-20 14:47:41
chainingword-suzuki,Muhammad Nurdin,,,15,,,,2026-07-20 14:48:45
chainingword-suzuki,Muhammad Nurdin,,,15,,,,2026-07-20 14:49:51
chainingword-suzuki,Muhammad Nurdin,,,15,,,,2026-07-20 14:50:44
chainingword-suzuki,Nurdin Muhammad,,,15,,,,2026-07-20 14:51:45
chainingword-suzuki,Muhammad Nurdin,,,30,,,,2026-07-20 14:53:06
chainingword-suzuki,Nurdin Muhammad,,,0,,,,2026-07-20 14:56:58
chainingword-suzuki,Muhammad Nurdin,,,15,,,,2026-07-20 14:57:35
chainingword-suzuki,Muhammad Nurdin,,,15,,,,2026-07-20 14:59:57
chainingword-suzuki,Muhammad Nurdin,,,30,,,,2026-07-20 15:00:33
chainingword-suzuki,Muhammad Nurdin,,,15,,,,2026-07-20 15:04:47
chainingword-suzuki,Muhammad Nurdin,,,15,,,,2026-07-20 15:05:58
chainingword-suzuki,Muhammad Nurdin,,,15,,,,2026-07-20 15:07:37
chainingword-suzuki,Muhammad Nurdin,,,15,,,,2026-07-20 15:08:18
chainingword-suzuki,Muhammad Nurdin,,,45,,,,2026-07-20 15:17:06
chainingword-suzuki,Muhammad Nurdin,,,15,,,,2026-07-20 15:17:45
chainingword-suzuki,Muhammad Nurdin,,,0,,,,2026-07-22 11:11:07
chainingword-suzuki,Muhammad Nurdin,,,15,,,,2026-07-22 11:20:11
chainingword-suzuki,Muhammad Nurdin,,,45,,,,2026-07-22 11:23:07
chainingword-suzuki,Muhammad Nurdin,,,45,,,,2026-07-22 11:24:23
chainingword-suzuki,Muhammad Nurdin,,,15,,,,2026-07-22 11:35:39
chainingword-suzuki,Muhammad Nurdin,,,15,,,,2026-07-22 11:37:01
chainingword-suzuki,Muhammad Nurdin,,,15,,,,2026-07-22 11:43:00
chainingword-suzuki,Muhammad Nurdin,,,30,,,,2026-07-22 11:44:57
chainingword-suzuki,Muhammad Nurdin,,,0,,,,2026-07-22 12:15:02
chainingword-suzuki,Muhammad Nurdin,,,0,,,,2026-07-22 12:17:49
chainingword-suzuki,Muhammad Nurdin,,,45,,,,2026-07-22 12:22:51
